{
  "top1_overall": {
    "lr": 0.0003227198948106495,
    "bs": 128,
    "wd": 0.24362836772582042,
    "grad_norm": 2.2376991440730087,
    "mask_prob": 0.08952377075507147,
    "warmup_ratio": 0.1232168131977261,
    "method": "feuler",
    "loss": 0.40220214053988457
  },
  "top2_overall": {
    "lr": 0.00027350421936250786,
    "bs": 128,
    "wd": 0.23056559506485602,
    "grad_norm": 1.9007476462513633,
    "mask_prob": 0.09227673291391465,
    "warmup_ratio": 0.14270210833101138,
    "method": "feuler",
    "loss": 0.4026537276804447
  },
  "top3_overall": {
    "lr": 0.0002980591715408034,
    "bs": 128,
    "wd": 0.2040860977827998,
    "grad_norm": 1.6704916611524234,
    "mask_prob": 0.08835541961112961,
    "warmup_ratio": 0.12612480406575735,
    "method": "feuler",
    "loss": 0.40307629853487015
  },
  "eulerian_best": {
    "lr": 0.00016578854829981776,
    "bs": 128.0,
    "wd": 0.24532624417516272,
    "grad_norm": 1.7597403276361263,
    "mask_prob": 0.087797040778945,
    "warmup_ratio": 0.11086553917455688,
    "method": "eulerian",
    "loss": 0.47812777757644653
  },
  "feuler_best": {
    "lr": 0.0003227198948106495,
    "bs": 128.0,
    "wd": 0.24362836772582042,
    "grad_norm": 2.2376991440730087,
    "mask_prob": 0.08952377075507147,
    "warmup_ratio": 0.1232168131977261,
    "method": "feuler",
    "loss": 0.40220214053988457
  },
  "cpp_best": {
    "lr": 0.0003598790246510032,
    "bs": 256.0,
    "wd": 0.1555452015898491,
    "grad_norm": 1.6512961113163138,
    "mask_prob": 0.10842948333929277,
    "warmup_ratio": 0.10571206947330976,
    "method": "cpp",
    "loss": 0.5838296860456467
  },
  "fcpp_best": {
    "lr": 0.000315,
    "bs": 256.0,
    "wd": 0.271,
    "grad_norm": 1.72,
    "mask_prob": 0.105,
    "warmup_ratio": 0.105,
    "method": "fcpp",
    "loss": 0.5699609518051147
  },
  "default_config": {
    "lr": 0.0005,
    "bs": 32,
    "wd": 0.01,
    "grad_norm": 1.0,
    "mask_prob": 0.15,
    "warmup_ratio": 0.1,
    "method": "default",
    "loss": null
  }
}