{
  "lr": [
    8.289427414990888e-05,
    0.001
  ],
  "wd": [
    0.005,
    0.542
  ],
  "warmup_ratio": [
    0.05,
    0.28540421666202276
  ],
  "batch_sizes": [
    32,
    64,
    128
  ],
  "epochs": [
    3,
    5,
    10
  ],
  "grad_norm": [
    0.5,
    2.0
  ]
}